id;name;surname;email;phone;address
1;reciprocal payment;Kuwait;Marshall.Conn8@hotmail.com;"+9359204579075";fault-tolerant
2;programming online Kids;compressing content quantify;Prince_Hahn95@gmail.com;"+1219066861123";connect Avon
3;online;Handmade;Amani90@yahoo.com;"+2 0494991226";Granite Wisconsin Forward
4;Up-sized migration Avon;background Electronics;Alexane11@hotmail.com;"1279356491";metrics
5;wireless SCSI Wyoming;bluetooth;Yoshiko_Bashirian@hotmail.com;"+993836078837";magnetic systems
6;expedite Central cohesive;efficient reinvent generating;Ignatius82@yahoo.com;"+610 7197667631";leading-edge ivory Philippine Peso
7;revolutionary Handmade;alliance hard drive firewall;Mattie_Christiansen@yahoo.com;"+5-7100442871";Won Borders Berkshire
8;Customizable Locks Buckinghamshire;Directives white Passage;Laron.Koelpin@yahoo.com;"+4-0814604198";neural Home Loan Account
9;Cambridgeshire implement Computers;models;Ronny48@yahoo.com;"8299385243";syndicate Dynamic
10;Soft Yemeni Rial solid state;Bedfordshire Graphic Interface CSS;Stevie.Bosco@yahoo.com;"9344531049";content Delaware
